week,submission_timestamp,status,notes
1,2026-01-26 00:07:27,processed,Weekly query evaluated
2,2026-01-26 16:45:47,processed,Weekly query evaluated
3,2026-01-28 21:16:01,processed,Weekly query evaluated
4,2026-02-16 11:37:03,processed,Weekly query evaluated
5,2026-02-17 14:12:33,processed,Weekly query evaluated
6,2026-02-21 22:39:05,processed,Weekly query evaluated
7,2026-02-28 18:35:37,processed,Weekly query evaluated
8,2026-03-01 21:11:36,processed,Weekly query evaluated
9,2026-03-04 10:43:55,processed,Weekly query evaluated
10,2026-03-05 20:42:41,processed,Weekly query evaluated
11,2026-03-09 14:19:13,processed,Weekly query evaluated
12,2026-03-11 14:12:43,submitted,Query submitted; output pending at time of repository preparation
